{
  "AI302_doubao": {
    "北京小爷（多情感）": "zh_male_beijingxiaoye_emo_v2_mars_bigtts",
    "柔美女友（多情感）": "zh_female_roumeinvyou_emo_v2_mars_bigtts",
    "阳光青年（多情感）": "zh_male_yangguangqingnian_emo_v2_mars_bigtts",
    "魅力女友（多情感）": "zh_female_meilinvyou_emo_v2_mars_bigtts",
    "爽快思思（多情感）": "zh_female_shuangkuaisisi_emo_v2_mars_bigtts",
    "灿灿/Shiny": "zh_female_cancan_mars_bigtts",
    "清新女声": "zh_female_qingxinnvsheng_mars_bigtts",
    "爽快思思/Skye": "zh_female_shuangkuaisisi_moon_bigtts",
    "温暖阿虎/Alvin": "zh_male_wennuanahu_moon_bigtts",
    "少年梓辛/Brayan": "zh_male_shaonianzixin_moon_bigtts",
    "知性女声": "zh_female_zhixingnvsheng_mars_bigtts",
    "清爽男大": "zh_male_qingshuangnanda_mars_bigtts",
    "邻家女孩": "zh_female_linjianvhai_moon_bigtts",
    "渊博小叔": "zh_male_yuanboxiaoshu_moon_bigtts",
    "阳光青年": "zh_male_yangguangqingnian_moon_bigtts",
    "甜美小源": "zh_female_tianmeixiaoyuan_moon_bigtts",
    "清澈梓梓": "zh_female_qingchezizi_moon_bigtts",
    "解说小明": "zh_male_jieshuoxiaoming_moon_bigtts",
    "开朗姐姐": "zh_female_kailangjiejie_moon_bigtts",
    "邻家男孩": "zh_male_linjiananhai_moon_bigtts",
    "甜美悦悦": "zh_female_tianmeiyueyue_moon_bigtts",
    "心灵鸡汤": "zh_female_xinlingjitang_moon_bigtts",
    "知性温婉": "ICL_zh_female_zhixingwenwan_tob",
    "暖心体贴": "ICL_zh_male_nuanxintitie_tob",
    "温柔文雅": "ICL_zh_female_wenrouwenya_tob",
    "开朗轻快": "ICL_zh_male_kailangqingkuai_tob",
    "活泼爽朗": "ICL_zh_male_huoposhuanglang_tob",
    "率真小伙": "ICL_zh_male_shuaizhenxiaohuo_tob",
    "温柔小哥": "zh_male_wenrouxiaoge_mars_bigtts",
    "Smith": "en_male_smith_mars_bigtts",
    "Anna": "en_female_anna_mars_bigtts",
    "Adam": "en_male_adam_mars_bigtts",
    "Sarah": "en_female_sarah_mars_bigtts",
    "Dryw": "en_male_dryw_mars_bigtts",
    "Amanda": "en_female_amanda_mars_bigtts",
    "Jackson": "en_male_jackson_mars_bigtts",
    "京腔侃爷/Harmony": "zh_male_jingqiangkanye_moon_bigtts",
    "湾湾小何": "zh_female_wanwanxiaohe_moon_bigtts",
    "湾区大叔": "zh_female_wanqudashu_moon_bigtts",
    "呆萌川妹": "zh_female_daimengchuanmei_moon_bigtts",
    "广州德哥": "zh_male_guozhoudege_moon_bigtts",
    "北京小爷": "zh_male_beijingxiaoye_moon_bigtts",
    "浩宇小哥": "zh_male_haoyuxiaoge_moon_bigtts",
    "广西远舟": "zh_male_guangxiyuanzhou_moon_bigtts",
    "妹坨洁儿": "zh_female_meituojieer_moon_bigtts",
    "豫州子轩": "zh_male_yuzhouzixuan_moon_bigtts",
    "奶气萌娃": "zh_male_naiqimengwa_mars_bigtts",
    "婆婆": "zh_female_popo_mars_bigtts",
    "高冷御姐": "zh_female_gaolengyujie_moon_bigtts",
    "傲娇霸总": "zh_male_aojiaobazong_moon_bigtts",
    "魅力女友": "zh_female_meilinvyou_moon_bigtts",
    "深夜播客": "zh_male_shenyeboke_moon_bigtts",
    "柔美女友": "zh_female_sajiaonvyou_moon_bigtts",
    "撒娇学妹": "zh_female_yuanqinvyou_moon_bigtts",
    "病弱少女": "ICL_zh_female_bingruoshaonv_tob",
    "活泼女孩": "ICL_zh_female_huoponvhai_tob",
    "东方浩然": "zh_male_dongfanghaoran_moon_bigtts",
    "绿茶小哥": "ICL_zh_male_lvchaxiaoge_tob",
    "娇弱萝莉": "ICL_zh_female_jiaoruoluoli_tob",
    "冷淡疏离": "ICL_zh_male_lengdanshuli_tob",
    "憨厚敦实": "ICL_zh_male_hanhoudunshi_tob",
    "傲气凌人": "ICL_zh_male_aiqilingren_tob",
    "活泼刁蛮": "ICL_zh_female_huopodiaoman_tob",
    "固执病娇": "ICL_zh_male_guzhibingjiao_tob",
    "撒娇粘人": "ICL_zh_male_sajiaonianren_tob",
    "傲慢娇声": "ICL_zh_female_aomanjiaosheng_tob",
    "潇洒随性": "ICL_zh_male_xiaosasuixing_tob",
    "腹黑公子": "ICL_zh_male_fuheigongzi_tob",
    "诡异神秘": "ICL_zh_male_guiyishenmi_tob",
    "儒雅才俊": "ICL_zh_male_ruyacaijun_tob",
    "病娇白莲": "ICL_zh_male_bingjiaobailian_tob",
    "正直青年": "ICL_zh_male_zhengzhiqingnian_tob",
    "娇憨女王": "ICL_zh_female_jiaohannvwang_tob",
    "病娇萌妹": "ICL_zh_female_bingjiaomengmei_tob",
    "青涩小生": "ICL_zh_male_qingsenaigou_tob",
    "纯真学弟": "ICL_zh_male_chunzhenxuedi_tob",
    "暖心学姐": "ICL_zh_female_nuanxinxuejie_tob",
    "可爱女生": "ICL_zh_female_keainvsheng_tob",
    "成熟姐姐": "ICL_zh_female_chengshujiejie_tob",
    "病娇姐姐": "ICL_zh_female_bingjiaojiejie_tob",
    "优柔帮主": "ICL_zh_male_youroubangzhu_tob",
    "优柔公子": "ICL_zh_male_yourougongzi_tob",
    "妩媚御姐": "ICL_zh_female_wumeiyujie_tob",
    "调皮公主": "ICL_zh_female_tiaopigongzhu_tob",
    "傲娇女友": "ICL_zh_female_aojiaonvyou_tob",
    "贴心男友": "ICL_zh_male_tiexinnanyou_tob",
    "少年将军": "ICL_zh_male_shaonianjiangjun_tob",
    "贴心女友": "ICL_zh_female_tiexinnvyou_tob",
    "病娇哥哥": "ICL_zh_male_bingjiaogege_tob",
    "学霸男同桌": "ICL_zh_male_xuebanantongzhuo_tob",
    "幽默叔叔": "ICL_zh_male_youmoshushu_tob",
    "性感御姐": "ICL_zh_female_xingganyujie_tob",
    "假小子": "ICL_zh_female_jiaxiaozi_tob",
    "冷峻上司": "ICL_zh_male_lengjunshangsi_tob",
    "温柔男同桌": "ICL_zh_male_wenrounantongzhuo_tob",
    "病娇弟弟": "ICL_zh_male_bingjiaodidi_tob",
    "幽默大爷": "ICL_zh_male_youmodaye_tob",
    "傲慢少爷": "ICL_zh_male_aomanshaoye_tob",
    "神秘法师": "ICL_zh_male_shenmifashi_tob",
    "和蔼奶奶": "ICL_zh_female_heainainai_tob",
    "邻居阿姨": "ICL_zh_female_linjuayi_tob",
    "温柔小雅": "zh_female_wenrouxiaoya_moon_bigtts",
    "天才童声": "zh_male_tiancaitongsheng_mars_bigtts",
    "猴哥": "zh_male_sunwukong_mars_bigtts",
    "熊二": "zh_male_xionger_mars_bigtts",
    "佩奇猪": "zh_female_peiqi_mars_bigtts",
    "武则天": "zh_female_wuzetian_mars_bigtts",
    "顾姐": "zh_female_gujie_mars_bigtts",
    "樱桃丸子": "zh_female_yingtaowanzi_mars_bigtts",
    "zh_male_chunhui_mars_bigtts": "zh_male_chunhui_mars_bigtts",
    "zh_female_shaoergushi_mars_bigtts": "zh_female_shaoergushi_mars_bigtts",
    "四郎": "zh_male_silang_mars_bigtts",
    "磁性解说男声/Morgan": "zh_male_jieshuonansheng_mars_bigtts",
    "鸡汤妹妹/Hope": "zh_female_jitangmeimei_mars_bigtts",
    "贴心女声/Candy": "zh_female_tiexinnvsheng_mars_bigtts",
    "俏皮女声": "zh_female_qiaopinvsheng_mars_bigtts",
    "萌丫头/Cutey": "zh_female_mengyatou_mars_bigtts",
    "懒音绵宝": "zh_male_lanxiaoyang_mars_bigtts",
    "亮嗓萌仔": "zh_male_dongmanhaimian_mars_bigtts",
    "悬疑解说": "zh_male_changtianyi_mars_bigtts",
    "儒雅青年": "zh_male_ruyaqingnian_mars_bigtts",
    "霸气青叔": "zh_male_baqiqingshu_mars_bigtts",
    "擎苍": "zh_male_qingcang_mars_bigtts",
    "活力小哥": "zh_male_yangguangqingnian_mars_bigtts",
    "古风少御": "zh_female_gufengshaoyu_mars_bigtts",
    "温柔淑女": "zh_female_wenroushunv_mars_bigtts",
    "反卷青年": "zh_male_fanjuanqingnian_mars_bigtts"
  },
  "AI302_minimaxi": {
    "青涩青年音色": "male-qn-qingse",
    "精英青年音色": "male-qn-jingying",
    "霸道青年音色": "male-qn-badao",
    "青年大学生音色": "male-qn-daxuesheng",
    "少女音色": "female-shaonv",
    "御姐音色": "female-yujie",
    "成熟女性音色": "female-chengshu",
    "甜美女性音色": "female-tianmei",
    "男性主持人": "presenter_male",
    "女性主持人": "presenter_female",
    "男性有声书1": "audiobook_male_1",
    "男性有声书2": "audiobook_male_2",
    "女性有声书1": "audiobook_female_1",
    "女性有声书2": "audiobook_female_2",
    "青涩青年音色-beta": "male-qn-qingse-jingpin",
    "精英青年音色-beta": "male-qn-jingying-jingpin",
    "霸道青年音色-beta": "male-qn-badao-jingpin",
    "青年大学生音色-beta": "male-qn-daxuesheng-jingpin",
    "少女音色-beta": "female-shaonv-jingpin",
    "御姐音色-beta": "female-yujie-jingpin",
    "成熟女性音色-beta": "female-chengshu-jingpin",
    "甜美女性音色-beta": "female-tianmei-jingpin",
    "聪明男童": "clever_boy",
    "可爱男童": "cute_boy",
    "萌萌女童": "lovely_girl",
    "卡通猪小琪": "cartoon_pig",
    "病娇弟弟": "bingjiao_didi",
    "俊朗男友": "junlang_nanyou",
    "纯真学弟": "chunzhen_xuedi",
    "冷淡学长": "lengdan_xiongzhang",
    "霸道少爷": "badao_shaoye",
    "甜心小玲": "tianxin_xiaoling",
    "俏皮萌妹": "qiaopi_mengmei",
    "妩媚御姐": "wumei_yujie",
    "嗲嗲学妹": "diadia_xuemei",
    "淡雅学姐": "danya_xuejie",
    "Santa Claus": "Santa_Claus",
    "Grinch": "Grinch",
    "Rudolph": "Rudolph",
    "Arnold": "Arnold",
    "Charming Santa": "Charming_Santa",
    "Charming Lady": "Charming_Lady",
    "Sweet Girl": "Sweet_Girl",
    "Cute Elf": "Cute_Elf",
    "Attractive Girl": "Attractive_Girl",
    "Serene Woman": "Serene_Woman"
  },
  "AI302_dubbingx": {
    "木金(少女、元气、明亮)": "30149",
    "毛毛(悦耳、磁性、磨砂感)": "30136",
    "章涵(洪亮、有力、清晰)": "30135",
    "可乐先生(感染力，青年，洪亮)": "30134",
    "大炮(饱满、磁性 、温暖)": "30133",
    "无辄(年轻，武侠风，温暖)": "30132",
    "包包(年轻，甜美，悦耳)": "30131",
    "罗森(沉稳，细腻，有感染力)": "30130",
    "乌冬面(青年，清脆，悦耳)": "30129",
    "陶陶(悦耳，流畅，细腻)": "30128",
    "六角(甜美，悦耳，流畅)": "30127",
    "天越(少年，质朴，清澈)": "30123",
    "罗尼(清澈，洪亮，爽朗)": "30122",
    "凉皮(青年，细腻，自信)": "30121",
    "肆米(自然、柔和、清新)": "30120",
    "一杭(青年，清澈，磁性)": "30119",
    "越洋(中年妇女 明亮 悦耳)": "30118",
    "小钶(小龄儿童 男女可兼)": "30117",
    "小亮哥(中青年  稳重   温暖)": "30002",
    "钱慕欢(妩媚、高音、中速、明)": "100570",
    "韩直瑾(低音，中速，中等，清)": "100569",
    "静婉(中音，柔和，温暖，热)": "100565",
    "赵睿诚(中音，柔和，温暖，)": "100486",
    "李和畅(高音，温暖，洪亮,)": "100485",
    "苏明轩(中音，柔和，温暖)": "100484",
    "乐文远(中音，柔和，温暖，)": "100483",
    "赵厚德(中音，柔和，温暖，)": "100482",
    "李秉(低音，柔和，温暖，)": "100481",
    "郑严方(低音，威严，浓厚)": "100480",
    "陆宁和(低音，慢速，柔和)": "100479",
    "叶诗涵(高音，快速，柔和，)": "100475",
    "赵婉清(高音，快速，柔和，)": "100474",
    "陈思雅(中音，柔和，温暖)": "100473",
    "李文乐(中音，明亮，热情，)": "100472",
    "陆正则(中音，明亮，热情，)": "100471",
    "陈明欢(中音，明亮，热情，)": "100470",
    "赵宁远(中音,中等,清冷,)": "100469",
    "李和宇(中音，柔和，温暖，)": "100468",
    "张润轩(中音，温暖，热情，)": "100467",
    "徐捷欢(中音，明亮，热情，)": "100466",
    "陈宁温(中音，明亮，亲切，)": "100465",
    "赵守正(中音，慢速，柔和，)": "100464",
    "赵温良(低音，慢速，柔和，)": "100463",
    "李文远(中音，慢速，柔和，)": "100462",
    "柳媚儿(高音,快速,明亮,)": "100460",
    "苏慧娘(聪慧、强势、夫人)": "100459",
    "陆绮娇(高音,快速,明亮,)": "100458",
    "李守义(中音，温暖，暗哑，)": "100457",
    "魏巧琦(中音，热情，明亮，亲)": "100456",
    "高瑾(高音，洪亮，热情，)": "100455"
  },
  "AI302_doubao_ja": {
    "かずね（和音）/Javier or Álvaro": "multi_male_jingqiangkanye_moon_bigtts",
    "はるこ（晴子）/Esmeralda": "multi_female_shuangkuaisisi_moon_bigtts",
    "ひろし（広志）/Roberto": "multi_male_wanqudashu_moon_bigtts",
    "あけみ（朱美）": "multi_female_gaolengyujie_moon_bigtts"
  }
}