{
    "af": {
        "Adri(Female)": "af-ZA-AdriNeural",
        "Willem(Male)": "af-ZA-WillemNeural"
    },
    "am": {
        "Mekdes(Female)": "am-ET-MekdesNeural",
        "Ameha(Male)": "am-ET-AmehaNeural"
    },
    "ar": {
        "Fatima(Female)": "ar-AE-FatimaNeural",
        "Hamdan(Male)": "ar-AE-HamdanNeural",
        "Laila(Female)": "ar-BH-LailaNeural",
        "Ali(Male)": "ar-BH-AliNeural",
        "Amina(Female)": "ar-DZ-AminaNeural",
        "Ismael(Male)": "ar-DZ-IsmaelNeural",
        "Salma(Female)": "ar-EG-SalmaNeural",
        "Shakir(Male)": "ar-EG-ShakirNeural",
        "Rana(Female)": "ar-IQ-RanaNeural",
        "Bassel(Male)": "ar-IQ-BasselNeural",
        "Sana(Female)": "ar-JO-SanaNeural",
        "Taim(Male)": "ar-JO-TaimNeural",
        "Noura(Female)": "ar-KW-NouraNeural",
        "Fahed(Male)": "ar-KW-FahedNeural",
        "Layla(Female)": "ar-LB-LaylaNeural",
        "Rami(Male)": "ar-LB-RamiNeural",
        "Iman(Female)": "ar-LY-ImanNeural",
        "Omar(Male)": "ar-LY-OmarNeural",
        "Mouna(Female)": "ar-MA-MounaNeural",
        "Jamal(Male)": "ar-MA-JamalNeural",
        "Aysha(Female)": "ar-OM-AyshaNeural",
        "Abdullah(Male)": "ar-OM-AbdullahNeural",
        "Amal(Female)": "ar-QA-AmalNeural",
        "Moaz(Male)": "ar-QA-MoazNeural",
        "Zariyah(Female)": "ar-SA-ZariyahNeural",
        "Hamed(Male)": "ar-SA-HamedNeural",
        "Amany(Female)": "ar-SY-AmanyNeural",
        "Laith(Male)": "ar-SY-LaithNeural",
        "Reem(Female)": "ar-TN-ReemNeural",
        "Hedi(Male)": "ar-TN-HediNeural",
        "Maryam(Female)": "ar-YE-MaryamNeural",
        "Saleh(Male)": "ar-YE-SalehNeural"
    },
    "as": {
        "Yashica(Female)": "as-IN-YashicaNeural",
        "Priyom(Male)": "as-IN-PriyomNeural"
    },
    "az": {
        "Banu(Female)": "az-AZ-BanuNeural",
        "Babek(Male)": "az-AZ-BabekNeural"
    },
    "bg": {
        "Kalina(Female)": "bg-BG-KalinaNeural",
        "Borislav(Male)": "bg-BG-BorislavNeural"
    },
    "bn": {
        "Nabanita(Female)": "bn-BD-NabanitaNeural",
        "Pradeep(Male)": "bn-BD-PradeepNeural",
        "Tanishaa(Female)": "bn-IN-TanishaaNeural",
        "Bashkar(Male)": "bn-IN-BashkarNeural"
    },
    "bs": {
        "Vesna(Female)": "bs-BA-VesnaNeural",
        "Goran(Male)": "bs-BA-GoranNeural"
    },
    "ca": {
        "Joana(Female)": "ca-ES-JoanaNeural",
        "Enric(Male)": "ca-ES-EnricNeural",
        "Alba(Female)": "ca-ES-AlbaNeural"
    },
    "cs": {
        "Vlasta(Female)": "cs-CZ-VlastaNeural",
        "Antonin(Male)": "cs-CZ-AntoninNeural"
    },
    "cy": {
        "Nia(Female)": "cy-GB-NiaNeural",
        "Aled(Male)": "cy-GB-AledNeural"
    },
    "da": {
        "Christel(Female)": "da-DK-ChristelNeural",
        "Jeppe(Male)": "da-DK-JeppeNeural"
    },
    "de": {
        "Ingrid(Female)": "de-AT-IngridNeural",
        "Jonas(Male)": "de-AT-JonasNeural",
        "Leni(Female)": "de-CH-LeniNeural",
        "Jan(Male)": "de-CH-JanNeural",
        "Seraphina Dragon HD Latest(Female)": "de-DE-Seraphina:DragonHDLatestNeural",
        "Florian Dragon HD Latest(Male)": "de-DE-Florian:DragonHDLatestNeural",
        "Seraphina Multilingual(Female)": "de-DE-SeraphinaMultilingualNeural",
        "Florian Multilingual(Male)": "de-DE-FlorianMultilingualNeural",
        "Katja(Female)": "de-DE-KatjaNeural",
        "Conrad(Male)": "de-DE-ConradNeural",
        "Amala(Female)": "de-DE-AmalaNeural",
        "Bernd(Male)": "de-DE-BerndNeural",
        "Christoph(Male)": "de-DE-ChristophNeural",
        "Elke(Female)": "de-DE-ElkeNeural",
        "Gisela(Female)": "de-DE-GiselaNeural",
        "Kasper(Male)": "de-DE-KasperNeural",
        "Killian(Male)": "de-DE-KillianNeural",
        "Klarissa(Female)": "de-DE-KlarissaNeural",
        "Klaus(Male)": "de-DE-KlausNeural",
        "Louisa(Female)": "de-DE-LouisaNeural",
        "Maja(Female)": "de-DE-MajaNeural",
        "Ralf(Male)": "de-DE-RalfNeural",
        "Tanja(Female)": "de-DE-TanjaNeural"
    },
    "el": {
        "Athina(Female)": "el-GR-AthinaNeural",
        "Nestoras(Male)": "el-GR-NestorasNeural"
    },
    "en": {
        "William Multilingual(Male)": "en-AU-WilliamMultilingualNeural",
        "Natasha(Female)": "en-AU-NatashaNeural",
        "William(Male)": "en-AU-WilliamNeural",
        "Annette(Female)": "en-AU-AnnetteNeural",
        "Carly(Female)": "en-AU-CarlyNeural",
        "Darren(Male)": "en-AU-DarrenNeural",
        "Duncan(Male)": "en-AU-DuncanNeural",
        "Elsie(Female)": "en-AU-ElsieNeural",
        "Freya(Female)": "en-AU-FreyaNeural",
        "Joanne(Female)": "en-AU-JoanneNeural",
        "Ken(Male)": "en-AU-KenNeural",
        "Kim(Female)": "en-AU-KimNeural",
        "Neil(Male)": "en-AU-NeilNeural",
        "Tim(Male)": "en-AU-TimNeural",
        "Tina(Female)": "en-AU-TinaNeural",
        "Clara(Female)": "en-CA-ClaraNeural",
        "Liam(Male)": "en-CA-LiamNeural",
        "Ada Dragon HD Latest(Female)": "en-GB-Ada:DragonHDLatestNeural",
        "Ollie Dragon HD Latest(Male)": "en-GB-Ollie:DragonHDLatestNeural",
        "Ada Multilingual(Female)": "en-GB-AdaMultilingualNeural",
        "Ollie Multilingual(Male)": "en-GB-OllieMultilingualNeural",
        "Sonia(Female)": "en-GB-SoniaNeural",
        "Ryan(Male)": "en-GB-RyanNeural",
        "Libby(Female)": "en-GB-LibbyNeural",
        "Abbi(Female)": "en-GB-AbbiNeural",
        "Alfie(Male)": "en-GB-AlfieNeural",
        "Bella(Female)": "en-GB-BellaNeural",
        "Elliot(Male)": "en-GB-ElliotNeural",
        "Ethan(Male)": "en-GB-EthanNeural",
        "Hollie(Female)": "en-GB-HollieNeural",
        "Maisie(Female)": "en-GB-MaisieNeural",
        "Noah(Male)": "en-GB-NoahNeural",
        "Oliver(Male)": "en-GB-OliverNeural",
        "Olivia(Female)": "en-GB-OliviaNeural",
        "Thomas(Male)": "en-GB-ThomasNeural",
        "Mia(Female)": "en-GB-MiaNeural",
        "Yan(Female)": "en-HK-YanNeural",
        "Sam(Male)": "en-HK-SamNeural",
        "Emily(Female)": "en-IE-EmilyNeural",
        "Connor(Male)": "en-IE-ConnorNeural",
        "Meera:DragonHDLatestNeural(Female)": "en-IN-Meera:DragonHDLatestNeural",
        "Aarti:DragonHDLatestNeural(Female)": "en-IN-Aarti:DragonHDLatestNeural",
        "Arjun:DragonHDLatestNeural(Male)": "en-IN-Arjun:DragonHDLatestNeural",
        "Aarti Indic(Female)": "en-IN-AartiIndicNeural",
        "Arjun Indic(Male)": "en-IN-ArjunIndicNeural",
        "Neerja Indic(Female)": "en-IN-NeerjaIndicNeural",
        "Prabhat Indic(Male)": "en-IN-PrabhatIndicNeural",
        "Aarav(Male)": "en-IN-AaravNeural",
        "Aashi(Female)": "en-IN-AashiNeural",
        "Aarti(Female)": "en-IN-AartiNeural",
        "Arjun(Male)": "en-IN-ArjunNeural",
        "Ananya(Female)": "en-IN-AnanyaNeural",
        "Kavya(Female)": "en-IN-KavyaNeural",
        "Kunal(Male)": "en-IN-KunalNeural",
        "Neerja(Female)": "en-IN-NeerjaNeural",
        "Prabhat(Male)": "en-IN-PrabhatNeural",
        "Rehaan(Male)": "en-IN-RehaanNeural",
        "Asilia(Female)": "en-KE-AsiliaNeural",
        "Chilemba(Male)": "en-KE-ChilembaNeural",
        "Ezinne(Female)": "en-NG-EzinneNeural",
        "Abeo(Male)": "en-NG-AbeoNeural",
        "Molly(Female)": "en-NZ-MollyNeural",
        "Mitchell(Male)": "en-NZ-MitchellNeural",
        "Rosa(Female)": "en-PH-RosaNeural",
        "James(Male)": "en-PH-JamesNeural",
        "Luna(Female)": "en-US-LunaNeural",
        "Wayne(Male)": "en-SG-WayneNeural",
        "Imani(Female)": "en-TZ-ImaniNeural",
        "Elimu(Male)": "en-TZ-ElimuNeural",
        "Ava Dragon HD Latest(Female)": "en-US-Ava:DragonHDLatestNeural",
        "Andrew Dragon HD Latest(Male)": "en-US-Andrew:DragonHDLatestNeural",
        "Adam Dragon HD Latest(Male)": "en-US-Adam:DragonHDLatestNeural",
        "Alloy Dragon HD Latest(Male)": "en-US-Alloy:DragonHDLatestNeural",
        "Aria Dragon HD Latest(Female)": "en-US-Aria:DragonHDLatestNeural",
        "Bree Dragon HD Latest(Female)": "en-US-Bree:DragonHDLatestNeural",
        "Brian Dragon HD Latest(Male)": "en-US-Brian:DragonHDLatestNeural",
        "Davis Dragon HD Latest(Male)": "en-US-Davis:DragonHDLatestNeural",
        "Emma Dragon HD Latest(Female)": "en-US-Emma:DragonHDLatestNeural",
        "Emma2 Dragon HD Latest(Female)": "en-US-Emma2:DragonHDLatestNeural",
        "Jane Dragon HD Latest(Female)": "en-US-Jane:DragonHDLatestNeural",
        "Jenny Dragon HD Latest(Female)": "en-US-Jenny:DragonHDLatestNeural",
        "Nova Dragon HD Latest(Female)": "en-US-Nova:DragonHDLatestNeural",
        "Phoebe Dragon HD Latest(Female)": "en-US-Phoebe:DragonHDLatestNeural",
        "Serena Dragon HD Latest(Female)": "en-US-Serena:DragonHDLatestNeural",
        "Steffan Dragon HD Latest(Male)": "en-US-Steffan:DragonHDLatestNeural",
        "Andrew DragonHD Omni Latest(Male)": "en-US-Andrew:DragonHDOmniLatestNeural",
        "Caleb DragonHD Omni Latest(Male)": "en-US-Caleb:DragonHDOmniLatestNeural",
        "Dana DragonHD Omni Latest(Female)": "en-US-Dana:DragonHDOmniLatestNeural",
        "Lewis DragonHD Omni Latest(Male)": "en-US-Lewis:DragonHDOmniLatestNeural",
        "Phoebe DragonHD Omni Latest(Female)": "en-US-Phoebe:DragonHDOmniLatestNeural",
        "Ava Multilingual(Female)": "en-US-AvaMultilingualNeural",
        "Andrew Multilingual(Male)": "en-US-AndrewMultilingualNeural",
        "Amanda Multilingual(Female)": "en-US-AmandaMultilingualNeural",
        "Adam Multilingual(Male)": "en-US-AdamMultilingualNeural",
        "Emma Multilingual(Female)": "en-US-EmmaMultilingualNeural",
        "Phoebe Multilingual(Female)": "en-US-PhoebeMultilingualNeural",
        "Alloy Turbo Multilingual(Male)": "en-US-AlloyTurboMultilingualNeural",
        "Echo Turbo Multilingual(Male)": "en-US-EchoTurboMultilingualNeural",
        "Fable Turbo Multilingual(Neutral)": "en-US-FableTurboMultilingualNeural",
        "Onyx Turbo Multilingual(Male)": "en-US-OnyxTurboMultilingualNeural",
        "Nova Turbo Multilingual(Female)": "en-US-NovaTurboMultilingualNeural",
        "Shimmer Turbo Multilingual(Female)": "en-US-ShimmerTurboMultilingualNeural",
        "Brian Multilingual(Male)": "en-US-BrianMultilingualNeural",
        "Ava(Female)": "en-US-AvaNeural",
        "Andrew(Male)": "en-US-AndrewNeural",
        "Emma(Female)": "en-US-EmmaNeural",
        "Brian(Male)": "en-US-BrianNeural",
        "Jenny(Female)": "en-US-JennyNeural",
        "Guy(Male)": "en-US-GuyNeural",
        "Aria(Female)": "en-US-AriaNeural",
        "Davis(Male)": "en-US-DavisNeural",
        "Jane(Female)": "en-US-JaneNeural",
        "Jason(Male)": "en-US-JasonNeural",
        "Kai(Male)": "en-US-KaiNeural",
        "Sara(Female)": "en-US-SaraNeural",
        "Tony(Male)": "en-US-TonyNeural",
        "Nancy(Female)": "en-US-NancyNeural",
        "Cora Multilingual(Female)": "en-US-CoraMultilingualNeural",
        "Christopher Multilingual(Male)": "en-US-ChristopherMultilingualNeural",
        "Brandon Multilingual(Male)": "en-US-BrandonMultilingualNeural",
        "Amber(Female)": "en-US-AmberNeural",
        "Ana(Female)": "en-US-AnaNeural",
        "Ashley(Female)": "en-US-AshleyNeural",
        "Brandon(Male)": "en-US-BrandonNeural",
        "Christopher(Male)": "en-US-ChristopherNeural",
        "Cora(Female)": "en-US-CoraNeural",
        "Davis Multilingual(Male)": "en-US-DavisMultilingualNeural",
        "Derek Multilingual(Male)": "en-US-DerekMultilingualNeural",
        "Dustin Multilingual(Male)": "en-US-DustinMultilingualNeural",
        "Elizabeth(Female)": "en-US-ElizabethNeural",
        "Eric(Male)": "en-US-EricNeural",
        "Evelyn Multilingual(Female)": "en-US-EvelynMultilingualNeural",
        "Jacob(Male)": "en-US-JacobNeural",
        "Jenny Multilingual(Female)": "en-US-JennyMultilingualNeural",
        "Jimmie:DragonHDFlashLatestNeural(Male)": "en-US-Jimmie:DragonHDFlashLatestNeural",
        "Lewis Multilingual(Male)": "en-US-LewisMultilingualNeural",
        "Lola Multilingual(Female)": "en-US-LolaMultilingualNeural",
        "Michelle(Female)": "en-US-MichelleNeural",
        "Monica(Female)": "en-US-MonicaNeural",
        "Nancy Multilingual(Female)": "en-US-NancyMultilingualNeural",
        "Roger(Male)": "en-US-RogerNeural",
        "Ryan Multilingual(Male)": "en-US-RyanMultilingualNeural",
        "Samuel Multilingual(Male)": "en-US-SamuelMultilingualNeural",
        "Serena Multilingual(Female)": "en-US-SerenaMultilingualNeural",
        "Steffan Multilingual(Male)": "en-US-SteffanMultilingualNeural",
        "Steffan(Male)": "en-US-SteffanNeural",
        "Tiana:DragonHDFlashLatestNeural(Female)": "en-US-Tiana:DragonHDFlashLatestNeural",
        "Tyler:DragonHDFlashLatestNeural(Male)": "en-US-Tyler:DragonHDFlashLatestNeural",
        "AIGenerate1(Male)": "en-US-AIGenerate1Neural",
        "AIGenerate2(Female)": "en-US-AIGenerate2Neural",
        "Ash Turbo Multilingual(Male)": "en-US-AshTurboMultilingualNeural",
        "Blue(Neutral)": "en-US-BlueNeural",
        "Andrew2 Dragon HD Latest(Male)": "en-US-Andrew2:DragonHDLatestNeural",
        "Andrew3 Dragon HD Latest(Male)": "en-US-Andrew3:DragonHDLatestNeural",
        "Ava DragonHD Omni Latest(Female)": "en-us-ava:DragonHDOmniLatestNeural",
        "Ava3 Dragon HD Latest(Female)": "en-US-Ava3:DragonHDLatestNeural",
        "Ava & Andrew MultiTalker Dragon HD Latest(Neutral)": "en-US-MultiTalker-Ava-Andrew:DragonHDLatestNeural",
        "Ava & Steffan MultiTalker Dragon HD Latest(Neutral)": "en-US-MultiTalker-Ava-Steffan:DragonHDLatestNeural",
        "Leah(Female)": "en-ZA-LeahNeural",
        "Luke(Male)": "en-ZA-LukeNeural"
    },
    "es": {
        "Elena(Female)": "es-AR-ElenaNeural",
        "Tomas(Male)": "es-AR-TomasNeural",
        "Sofia(Female)": "es-BO-SofiaNeural",
        "Marcelo(Male)": "es-BO-MarceloNeural",
        "Catalina(Female)": "es-CL-CatalinaNeural",
        "Lorenzo(Male)": "es-CL-LorenzoNeural",
        "Salome(Female)": "es-CO-SalomeNeural",
        "Gonzalo(Male)": "es-CO-GonzaloNeural",
        "Maria(Female)": "es-CR-MariaNeural",
        "Juan(Male)": "es-CR-JuanNeural",
        "Belkys(Female)": "es-CU-BelkysNeural",
        "Manuel(Male)": "es-CU-ManuelNeural",
        "Ramona(Female)": "es-DO-RamonaNeural",
        "Emilio(Male)": "es-DO-EmilioNeural",
        "Andrea(Female)": "es-EC-AndreaNeural",
        "Luis(Male)": "es-EC-LuisNeural",
        "Ximena Dragon HD Latest(Female)": "es-MX-Ximena:DragonHDLatestNeural",
        "Tristan Dragon HD Latest(Male)": "es-MX-Tristan:DragonHDLatestNeural",
        "Elvira(Female)": "es-ES-ElviraNeural",
        "Alvaro(Male)": "es-ES-AlvaroNeural",
        "Arabella Multilingual(Female)": "es-ES-ArabellaMultilingualNeural",
        "Isidora Multilingual(Female)": "es-ES-IsidoraMultilingualNeural",
        "Tristan Multilingual(Male)": "es-ES-TristanMultilingualNeural",
        "Ximena Multilingual(Female)": "es-ES-XimenaMultilingualNeural",
        "Abril(Female)": "es-ES-AbrilNeural",
        "Arnau(Male)": "es-ES-ArnauNeural",
        "Dario(Male)": "es-ES-DarioNeural",
        "Elias(Male)": "es-ES-EliasNeural",
        "Estrella(Female)": "es-ES-EstrellaNeural",
        "Irene(Female)": "es-ES-IreneNeural",
        "Laia(Female)": "es-ES-LaiaNeural",
        "Lia(Female)": "es-ES-LiaNeural",
        "Nil(Male)": "es-ES-NilNeural",
        "Saul(Male)": "es-ES-SaulNeural",
        "Teo(Male)": "es-ES-TeoNeural",
        "Triana(Female)": "es-ES-TrianaNeural",
        "Vera(Female)": "es-ES-VeraNeural",
        "Ximena(Female)": "es-ES-XimenaNeural",
        "Teresa(Female)": "es-GQ-TeresaNeural",
        "Javier(Male)": "es-GQ-JavierNeural",
        "Marta(Female)": "es-GT-MartaNeural",
        "Andres(Male)": "es-GT-AndresNeural",
        "Karla(Female)": "es-HN-KarlaNeural",
        "Carlos(Male)": "es-HN-CarlosNeural",
        "Dalia(Female)": "es-MX-DaliaNeural",
        "Jorge(Male)": "es-MX-JorgeNeural",
        "Dalia Multilingual(Female)": "es-MX-DaliaMultilingualNeural",
        "Jorge Multilingual(Male)": "es-MX-JorgeMultilingualNeural",
        "Beatriz(Female)": "es-MX-BeatrizNeural",
        "Candela(Female)": "es-MX-CandelaNeural",
        "Carlota(Female)": "es-MX-CarlotaNeural",
        "Cecilio(Male)": "es-MX-CecilioNeural",
        "Gerardo(Male)": "es-MX-GerardoNeural",
        "Larissa(Female)": "es-MX-LarissaNeural",
        "Liberto(Male)": "es-MX-LibertoNeural",
        "Luciano(Male)": "es-MX-LucianoNeural",
        "Marina(Female)": "es-MX-MarinaNeural",
        "Nuria(Female)": "es-MX-NuriaNeural",
        "Pelayo(Male)": "es-MX-PelayoNeural",
        "Renata(Female)": "es-MX-RenataNeural",
        "Yago(Male)": "es-MX-YagoNeural",
        "Yolanda(Female)": "es-NI-YolandaNeural",
        "Federico(Male)": "es-NI-FedericoNeural",
        "Margarita(Female)": "es-PA-MargaritaNeural",
        "Roberto(Male)": "es-PA-RobertoNeural",
        "Camila(Female)": "es-PE-CamilaNeural",
        "Alex(Male)": "es-PE-AlexNeural",
        "Karina(Female)": "es-PR-KarinaNeural",
        "Victor(Male)": "es-PR-VictorNeural",
        "Tania(Female)": "es-PY-TaniaNeural",
        "Mario(Male)": "es-PY-MarioNeural",
        "Lorena(Female)": "es-SV-LorenaNeural",
        "Rodrigo(Male)": "es-SV-RodrigoNeural",
        "Paloma(Female)": "es-US-PalomaNeural",
        "Alonso(Male)": "es-US-AlonsoNeural",
        "Valentina(Female)": "es-UY-ValentinaNeural",
        "Mateo(Male)": "es-UY-MateoNeural",
        "Paola(Female)": "es-VE-PaolaNeural",
        "Sebastian(Male)": "es-VE-SebastianNeural"
    },
    "et": {
        "Anu(Female)": "et-EE-AnuNeural",
        "Kert(Male)": "et-EE-KertNeural"
    },
    "eu": {
        "Ainhoa(Female)": "eu-ES-AinhoaNeural",
        "Ander(Male)": "eu-ES-AnderNeural"
    },
    "fa": {
        "Dilara(Female)": "fa-IR-DilaraNeural",
        "Farid(Male)": "fa-IR-FaridNeural"
    },
    "fi": {
        "Selma(Female)": "fi-FI-SelmaNeural",
        "Harri(Male)": "fi-FI-HarriNeural",
        "Noora(Female)": "fi-FI-NooraNeural"
    },
    "fil": {
        "Blessica(Female)": "fil-PH-BlessicaNeural",
        "Angelo(Male)": "fil-PH-AngeloNeural"
    },
    "fr": {
        "Charline(Female)": "fr-BE-CharlineNeural",
        "Gerard(Male)": "fr-BE-GerardNeural",
        "Sylvie Dragon HD Latest(Female)": "fr-CA-Sylvie:DragonHDLatestNeural",
        "Thierry Dragon HD Latest(Male)": "fr-CA-Thierry:DragonHDLatestNeural",
        "Sylvie(Female)": "fr-CA-SylvieNeural",
        "Jean(Male)": "fr-CA-JeanNeural",
        "Antoine(Male)": "fr-CA-AntoineNeural",
        "Thierry(Male)": "fr-CA-ThierryNeural",
        "Ariane(Female)": "fr-CH-ArianeNeural",
        "Fabrice(Male)": "fr-CH-FabriceNeural",
        "Vivienne Dragon HD Latest(Female)": "fr-FR-Vivienne:DragonHDLatestNeural",
        "Remy Dragon HD Latest(Male)": "fr-FR-Remy:DragonHDLatestNeural",
        "Denise(Female)": "fr-FR-DeniseNeural",
        "Henri(Male)": "fr-FR-HenriNeural",
        "Vivienne Multilingual(Female)": "fr-FR-VivienneMultilingualNeural",
        "Remy Multilingual(Male)": "fr-FR-RemyMultilingualNeural",
        "Lucien Multilingual(Male)": "fr-FR-LucienMultilingualNeural",
        "Alain(Male)": "fr-FR-AlainNeural",
        "Brigitte(Female)": "fr-FR-BrigitteNeural",
        "Celeste(Female)": "fr-FR-CelesteNeural",
        "Claude(Male)": "fr-FR-ClaudeNeural",
        "Coralie(Female)": "fr-FR-CoralieNeural",
        "Eloise(Female)": "fr-FR-EloiseNeural",
        "Jacqueline(Female)": "fr-FR-JacquelineNeural",
        "Jerome(Male)": "fr-FR-JeromeNeural",
        "Josephine(Female)": "fr-FR-JosephineNeural",
        "Maurice(Male)": "fr-FR-MauriceNeural",
        "Yves(Male)": "fr-FR-YvesNeural",
        "Yvette(Female)": "fr-FR-YvetteNeural"
    },
    "ga": {
        "Orla(Female)": "ga-IE-OrlaNeural",
        "Colm(Male)": "ga-IE-ColmNeural"
    },
    "gl": {
        "Sabela(Female)": "gl-ES-SabelaNeural",
        "Roi(Male)": "gl-ES-RoiNeural"
    },
    "gu": {
        "Dhwani(Female)": "gu-IN-DhwaniNeural",
        "Niranjan(Male)": "gu-IN-NiranjanNeural"
    },
    "he": {
        "Hila(Female)": "he-IL-HilaNeural",
        "Avri(Male)": "he-IL-AvriNeural"
    },
    "hi": {
        "Aarav(Male)": "hi-IN-AaravNeural",
        "Ananya(Female)": "hi-IN-AnanyaNeural",
        "Aarti(Female)": "hi-IN-AartiNeural",
        "Arjun(Male)": "hi-IN-ArjunNeural",
        "Kavya(Female)": "hi-IN-KavyaNeural",
        "Kunal(Male)": "hi-IN-KunalNeural",
        "Rehaan(Male)": "hi-IN-RehaanNeural",
        "Swara(Female)": "hi-IN-SwaraNeural",
        "Madhur(Male)": "hi-IN-MadhurNeural"
    },
    "hr": {
        "Gabrijela(Female)": "hr-HR-GabrijelaNeural",
        "Srecko(Male)": "hr-HR-SreckoNeural"
    },
    "hu": {
        "Noemi(Female)": "hu-HU-NoemiNeural",
        "Tamas(Male)": "hu-HU-TamasNeural"
    },
    "hy": {
        "Anahit(Female)": "hy-AM-AnahitNeural",
        "Hayk(Male)": "hy-AM-HaykNeural"
    },
    "id": {
        "Gadis(Female)": "id-ID-GadisNeural",
        "Ardi(Male)": "id-ID-ArdiNeural"
    },
    "is": {
        "Gudrun(Female)": "is-IS-GudrunNeural",
        "Gunnar(Male)": "is-IS-GunnarNeural"
    },
    "it": {
        "Isabella Dragon HD Latest(Female)": "it-IT-Isabella:DragonHDLatestNeural",
        "Alessio Dragon HD Latest(Male)": "it-IT-Alessio:DragonHDLatestNeural",
        "Elsa(Female)": "it-IT-ElsaNeural",
        "Isabella(Female)": "it-IT-IsabellaNeural",
        "Diego(Male)": "it-IT-DiegoNeural",
        "Alessio Multilingual(Male)": "it-IT-AlessioMultilingualNeural",
        "Isabella Multilingual(Female)": "it-IT-IsabellaMultilingualNeural",
        "Giuseppe Multilingual(Male)": "it-IT-GiuseppeMultilingualNeural",
        "Marcello Multilingual(Male)": "it-IT-MarcelloMultilingualNeural",
        "Benigno(Male)": "it-IT-BenignoNeural",
        "Calimero(Male)": "it-IT-CalimeroNeural",
        "Cataldo(Male)": "it-IT-CataldoNeural",
        "Fabiola(Female)": "it-IT-FabiolaNeural",
        "Fiamma(Female)": "it-IT-FiammaNeural",
        "Gianni(Male)": "it-IT-GianniNeural",
        "Giuseppe(Male)": "it-IT-GiuseppeNeural",
        "Imelda(Female)": "it-IT-ImeldaNeural",
        "Irma(Female)": "it-IT-IrmaNeural",
        "Lisandro(Male)": "it-IT-LisandroNeural",
        "Palmira(Female)": "it-IT-PalmiraNeural",
        "Pierina(Female)": "it-IT-PierinaNeural",
        "Rinaldo(Male)": "it-IT-RinaldoNeural"
    },
    "iu": {
        "Siqiniq(Female)": "iu-Latn-CA-SiqiniqNeural",
        "Taqqiq(Male)": "iu-Latn-CA-TaqqiqNeural"
    },
    "ja": {
        "Nanami Dragon HD Latest(Female)": "ja-JP-Nanami:DragonHDLatestNeural",
        "Masaru Dragon HD Latest(Male)": "ja-JP-Masaru:DragonHDLatestNeural",
        "Nanami(Female)": "ja-JP-NanamiNeural",
        "Keita(Male)": "ja-JP-KeitaNeural",
        "Aoi(Female)": "ja-JP-AoiNeural",
        "Daichi(Male)": "ja-JP-DaichiNeural",
        "Mayu(Female)": "ja-JP-MayuNeural",
        "Naoki(Male)": "ja-JP-NaokiNeural",
        "Shiori(Female)": "ja-JP-ShioriNeural",
        "Masaru Multilingual(Male)": "ja-JP-MasaruMultilingualNeural"
    },
    "jv": {
        "Siti(Female)": "jv-ID-SitiNeural",
        "Dimas(Male)": "jv-ID-DimasNeural"
    },
    "ka": {
        "Eka(Female)": "ka-GE-EkaNeural",
        "Giorgi(Male)": "ka-GE-GiorgiNeural"
    },
    "kk": {
        "Aigul(Female)": "kk-KZ-AigulNeural",
        "Daulet(Male)": "kk-KZ-DauletNeural"
    },
    "km": {
        "Sreymom(Female)": "km-KH-SreymomNeural",
        "Piseth(Male)": "km-KH-PisethNeural"
    },
    "kn": {
        "Sapna(Female)": "kn-IN-SapnaNeural",
        "Gagan(Male)": "kn-IN-GaganNeural"
    },
    "ko": {
        "SunHi Dragon HD Latest(Female)": "ko-KR-SunHi:DragonHDLatestNeural",
        "Hyunsu Dragon HD Latest(Male)": "ko-KR-Hyunsu:DragonHDLatestNeural",
        "Hi(Female)": "ko-KR-SunHiNeural",
        "InJoon(Male)": "ko-KR-InJoonNeural",
        "Hyunsu Multilingual(Male)": "ko-KR-HyunsuMultilingualNeural",
        "BongJin(Male)": "ko-KR-BongJinNeural",
        "GookMin(Male)": "ko-KR-GookMinNeural",
        "Hyunsu(Male)": "ko-KR-HyunsuNeural",
        "JiMin(Female)": "ko-KR-JiMinNeural",
        "SeoHyeon(Female)": "ko-KR-SeoHyeonNeural",
        "SoonBok(Female)": "ko-KR-SoonBokNeural",
        "YuJin(Female)": "ko-KR-YuJinNeural"
    },
    "lo": {
        "Keomany(Female)": "lo-LA-KeomanyNeural",
        "Chanthavong(Male)": "lo-LA-ChanthavongNeural"
    },
    "lt": {
        "Ona(Female)": "lt-LT-OnaNeural",
        "Leonas(Male)": "lt-LT-LeonasNeural"
    },
    "lv": {
        "Everita(Female)": "lv-LV-EveritaNeural",
        "Nils(Male)": "lv-LV-NilsNeural"
    },
    "mk": {
        "Marija(Female)": "mk-MK-MarijaNeural",
        "Aleksandar(Male)": "mk-MK-AleksandarNeural"
    },
    "ml": {
        "Sobhana(Female)": "ml-IN-SobhanaNeural",
        "Midhun(Male)": "ml-IN-MidhunNeural"
    },
    "mn": {
        "Yesui(Female)": "mn-MN-YesuiNeural",
        "Bataa(Male)": "mn-MN-BataaNeural"
    },
    "mr": {
        "Aarohi(Female)": "mr-IN-AarohiNeural",
        "Manohar(Male)": "mr-IN-ManoharNeural"
    },
    "ms": {
        "Yasmin(Female)": "ms-MY-YasminNeural",
        "Osman(Male)": "ms-MY-OsmanNeural"
    },
    "mt": {
        "Grace(Female)": "mt-MT-GraceNeural",
        "Joseph(Male)": "mt-MT-JosephNeural"
    },
    "my": {
        "Nilar(Female)": "my-MM-NilarNeural",
        "Thiha(Male)": "my-MM-ThihaNeural"
    },
    "nb": {
        "Pernille(Female)": "nb-NO-PernilleNeural",
        "Finn(Male)": "nb-NO-FinnNeural",
        "Iselin(Female)": "nb-NO-IselinNeural"
    },
    "ne": {
        "Hemkala(Female)": "ne-NP-HemkalaNeural",
        "Sagar(Male)": "ne-NP-SagarNeural"
    },
    "nl": {
        "Dena(Female)": "nl-BE-DenaNeural",
        "Arnaud(Male)": "nl-BE-ArnaudNeural",
        "Fenna(Female)": "nl-NL-FennaNeural",
        "Maarten(Male)": "nl-NL-MaartenNeural",
        "Colette(Female)": "nl-NL-ColetteNeural"
    },
    "or": {
        "Subhasini(Female)": "or-IN-SubhasiniNeural",
        "Sukant(Male)": "or-IN-SukantNeural"
    },
    "pa": {
        "Ojas(Male)": "pa-IN-OjasNeural",
        "Vaani(Female)": "pa-IN-VaaniNeural"
    },
    "pl": {
        "Agnieszka(Female)": "pl-PL-AgnieszkaNeural",
        "Marek(Male)": "pl-PL-MarekNeural",
        "Zofia(Female)": "pl-PL-ZofiaNeural"
    },
    "ps": {
        "Latifa(Female)": "ps-AF-LatifaNeural",
        "Gul Nawaz(Male)": "ps-AF-GulNawazNeural"
    },
    "pt": {
        "Thalita Dragon HD Latest(Female)": "pt-BR-Thalita:DragonHDLatestNeural",
        "Macerio Dragon HD Latest(Male)": "pt-BR-Macerio:DragonHDLatestNeural",
        "Francisca(Female)": "pt-BR-FranciscaNeural",
        "Antonio(Male)": "pt-BR-AntonioNeural",
        "Macerio Multilingual(Male)": "pt-BR-MacerioMultilingualNeural",
        "Thalita Multilingual(Female)": "pt-BR-ThalitaMultilingualNeural",
        "Brenda(Female)": "pt-BR-BrendaNeural",
        "Donato(Male)": "pt-BR-DonatoNeural",
        "Elza(Female)": "pt-BR-ElzaNeural",
        "Fabio(Male)": "pt-BR-FabioNeural",
        "Giovanna(Female)": "pt-BR-GiovannaNeural",
        "Humberto(Male)": "pt-BR-HumbertoNeural",
        "Julio(Male)": "pt-BR-JulioNeural",
        "Leila(Female)": "pt-BR-LeilaNeural",
        "Leticia(Female)": "pt-BR-LeticiaNeural",
        "Manuela(Female)": "pt-BR-ManuelaNeural",
        "Nicolau(Male)": "pt-BR-NicolauNeural",
        "Thalita(Female)": "pt-BR-ThalitaNeural",
        "Valerio(Male)": "pt-BR-ValerioNeural",
        "Yara(Female)": "pt-BR-YaraNeural",
        "Raquel(Female)": "pt-PT-RaquelNeural",
        "Duarte(Male)": "pt-PT-DuarteNeural",
        "Fernanda(Female)": "pt-PT-FernandaNeural"
    },
    "ro": {
        "Alina(Female)": "ro-RO-AlinaNeural",
        "Emil(Male)": "ro-RO-EmilNeural"
    },
    "ru": {
        "Svetlana(Female)": "ru-RU-SvetlanaNeural",
        "Dmitry(Male)": "ru-RU-DmitryNeural",
        "Dariya(Female)": "ru-RU-DariyaNeural"
    },
    "si": {
        "Thilini(Female)": "si-LK-ThiliniNeural",
        "Sameera(Male)": "si-LK-SameeraNeural"
    },
    "sk": {
        "Viktoria(Female)": "sk-SK-ViktoriaNeural",
        "Lukas(Male)": "sk-SK-LukasNeural"
    },
    "sl": {
        "Petra(Female)": "sl-SI-PetraNeural",
        "Rok(Male)": "sl-SI-RokNeural"
    },
    "so": {
        "Ubax(Female)": "so-SO-UbaxNeural",
        "Muuse(Male)": "so-SO-MuuseNeural"
    },
    "sq": {
        "Anila(Female)": "sq-AL-AnilaNeural",
        "Ilir(Male)": "sq-AL-IlirNeural"
    },
    "sr": {
        "Nicholas(Male)": "sr-RS-NicholasNeural",
        "Sophie(Female)": "sr-RS-SophieNeural"
    },
    "su": {
        "Tuti(Female)": "su-ID-TutiNeural",
        "Jajang(Male)": "su-ID-JajangNeural"
    },
    "sv": {
        "Sofie(Female)": "sv-SE-SofieNeural",
        "Mattias(Male)": "sv-SE-MattiasNeural",
        "Hillevi(Female)": "sv-SE-HilleviNeural"
    },
    "sw": {
        "Zuri(Female)": "sw-KE-ZuriNeural",
        "Rafiki(Male)": "sw-KE-RafikiNeural",
        "Rehema(Female)": "sw-TZ-RehemaNeural",
        "Daudi(Male)": "sw-TZ-DaudiNeural"
    },
    "ta": {
        "Pallavi(Female)": "ta-IN-PallaviNeural",
        "Valluvar(Male)": "ta-IN-ValluvarNeural",
        "Saranya(Female)": "ta-LK-SaranyaNeural",
        "Kumar(Male)": "ta-LK-KumarNeural",
        "Kani(Female)": "ta-MY-KaniNeural",
        "Surya(Male)": "ta-MY-SuryaNeural",
        "Venba(Female)": "ta-SG-VenbaNeural",
        "Anbu(Male)": "ta-SG-AnbuNeural"
    },
    "te": {
        "Shruti(Female)": "te-IN-ShrutiNeural",
        "Mohan(Male)": "te-IN-MohanNeural"
    },
    "th": {
        "Premwadee(Female)": "th-TH-PremwadeeNeural",
        "Niwat(Male)": "th-TH-NiwatNeural",
        "Achara(Female)": "th-TH-AcharaNeural"
    },
    "tr": {
        "Emel(Female)": "tr-TR-EmelNeural",
        "Ahmet(Male)": "tr-TR-AhmetNeural"
    },
    "uk": {
        "Polina(Female)": "uk-UA-PolinaNeural",
        "Ostap(Male)": "uk-UA-OstapNeural"
    },
    "ur": {
        "Gul(Female)": "ur-IN-GulNeural",
        "Salman(Male)": "ur-IN-SalmanNeural",
        "Uzma(Female)": "ur-PK-UzmaNeural",
        "Asad(Male)": "ur-PK-AsadNeural"
    },
    "uz": {
        "Madina(Female)": "uz-UZ-MadinaNeural",
        "Sardor(Male)": "uz-UZ-SardorNeural"
    },
    "vi": {
        "HoaiMy(Female)": "vi-VN-HoaiMyNeural",
        "NamMinh(Male)": "vi-VN-NamMinhNeural"
    },
    "wuu": {
        "Xiaotong(Female)": "wuu-CN-XiaotongNeural",
        "Yunzhe(Male)": "wuu-CN-YunzheNeural"
    },
    "yue": {
        "XiaoMin(Female)": "yue-CN-XiaoMinNeural",
        "YunSong(Male)": "yue-CN-YunSongNeural"
    },
    "zh": {
        "Xiaoxiao:DragonHDFlashLatestNeural(Female)": "zh-CN-Xiaoxiao:DragonHDFlashLatestNeural",
        "Xiaoxiao2:DragonHDFlashLatestNeural(Female)": "zh-CN-Xiaoxiao2:DragonHDFlashLatestNeural",
        "Xiaochen Dragon HD Latest(Female)": "zh-CN-Xiaochen:DragonHDLatestNeural",
        "Yunxiao:DragonHDFlashLatestNeural(Male)": "zh-CN-Yunxiao:DragonHDFlashLatestNeural",
        "Yunyi:DragonHDFlashLatestNeural(Male)": "zh-CN-Yunyi:DragonHDFlashLatestNeural",
        "Yunfan Dragon HD Latest(Male)": "zh-CN-Yunfan:DragonHDLatestNeural",
        "Xiaoyue DragonHD Omni Latest(Female)": "zh-CN-Xiaoyue:DragonHDOmniLatestNeural",
        "Yunqi DragonHD Omni Latest(Male)": "zh-CN-Yunqi:DragonHDOmniLatestNeural",
        "Xiaoxiao(Female)": "zh-CN-XiaoxiaoNeural",
        "Yunxi(Male)": "zh-CN-sichuan-YunxiNeural",
        "Yunjian(Male)": "zh-CN-YunjianNeural",
        "Xiaoyi(Female)": "zh-CN-XiaoyiNeural",
        "Yunyang(Male)": "zh-CN-YunyangNeural",
        "Xiaochen(Female)": "zh-CN-XiaochenNeural",
        "Xiaochen:DragonHDFlashLatestNeural(Female)": "zh-CN-Xiaochen:DragonHDFlashLatestNeural",
        "Xiaochen Multilingual(Female)": "zh-CN-XiaochenMultilingualNeural",
        "Xiaohan(Female)": "zh-CN-XiaohanNeural",
        "Xiaomeng(Female)": "zh-CN-XiaomengNeural",
        "Xiaomo(Female)": "zh-CN-XiaomoNeural",
        "Xiaoqiu(Female)": "zh-CN-XiaoqiuNeural",
        "Xiaorou(Female)": "zh-CN-XiaorouNeural",
        "Xiaorui(Female)": "zh-CN-XiaoruiNeural",
        "Xiaoshuang:DragonHDFlashLatestNeural(Female)": "zh-CN-Xiaoshuang:DragonHDFlashLatestNeural",
        "Xiaoshuang Multilingual(Female)": "zh-CN-XiaoshuangMultilingualNeural",
        "Xiaoshuang(Female)": "zh-CN-XiaoshuangNeural",
        "Xiaoxiao Dialects(Female)": "zh-CN-XiaoxiaoDialectsNeural",
        "Xiaoxiao Multilingual(Female)": "zh-CN-XiaoxiaoMultilingualNeural",
        "Xiaoyan(Female)": "zh-CN-XiaoyanNeural",
        "Xiaoyou:DragonHDFlashLatestNeural(Female)": "zh-CN-Xiaoyou:DragonHDFlashLatestNeural",
        "Xiaoyou Multilingual(Female)": "zh-CN-XiaoyouMultilingualNeural",
        "Xiaoyou(Female)": "zh-CN-XiaoyouNeural",
        "Xiaoyu:DragonHDFlashLatestNeural(Female)": "zh-CN-Xiaoyu:DragonHDFlashLatestNeural",
        "Xiaoyu Multilingual(Female)": "zh-CN-XiaoyuMultilingualNeural",
        "Xiaozhen(Female)": "zh-CN-XiaozhenNeural",
        "Yunfan Multilingual(Male)": "zh-CN-YunfanMultilingualNeural",
        "Yunfeng(Male)": "zh-CN-YunfengNeural",
        "Yunhao(Male)": "zh-CN-YunhaoNeural",
        "Yunjie(Male)": "zh-CN-YunjieNeural",
        "Yunxia:DragonHDFlashLatestNeural(Male)": "zh-CN-Yunxia:DragonHDFlashLatestNeural",
        "Yunxia(Male)": "zh-CN-YunxiaNeural",
        "Yunxiao Multilingual(Male)": "zh-CN-YunxiaoMultilingualNeural",
        "Yunye:DragonHDFlashLatestNeural(Male)": "zh-CN-Yunye:DragonHDFlashLatestNeural",
        "Yunye(Male)": "zh-CN-YunyeNeural",
        "Yunyi Multilingual(Male)": "zh-CN-YunyiMultilingualNeural",
        "Yunze(Male)": "zh-CN-YunzeNeural",
        "Yunqi(Male)": "zh-CN-guangxi-YunqiNeural",
        "Yundeng(Male)": "zh-CN-henan-YundengNeural",
        "Xiaobei(Female)": "zh-CN-liaoning-XiaobeiNeural",
        "Yunbiao(Male)": "zh-CN-liaoning-YunbiaoNeural",
        "Xiaoni(Female)": "zh-CN-shaanxi-XiaoniNeural",
        "Yunxiang(Male)": "zh-CN-shandong-YunxiangNeural",
        "HiuMaan(Female)": "zh-HK-HiuMaanNeural",
        "WanLung(Male)": "zh-HK-WanLungNeural",
        "HiuGaai(Female)": "zh-HK-HiuGaaiNeural",
        "HsiaoChen(Female)": "zh-TW-HsiaoChenNeural",
        "YunJhe(Male)": "zh-TW-YunJheNeural",
        "HsiaoYu(Female)": "zh-TW-HsiaoYuNeural"
    },
    "zu": {
        "Thando(Female)": "zu-ZA-ThandoNeural",
        "Themba(Male)": "zu-ZA-ThembaNeural"
    }
}