{"Clyde": {"name": "Clyde", "voice_id": "2EiwWnXFnvU5JabPnv8n"}, "Roger": {"name": "Roger", "voice_id": "CwhRBWXzGAHq8TQ4Fs17"}, "Sarah": {"name": "Sarah", "voice_id": "EXAVITQu4vr4xnSDxMaL"}, "Laura": {"name": "Laura", "voice_id": "FGY2WhTYpPnrIDTdsKH5"}, "Charlie": {"name": "Charlie", "voice_id": "IKne3meq5aSn9XLyUdCD"}, "George": {"name": "George", "voice_id": "JBFqnCBsd6RMkjVDRZzb"}, "Callum": {"name": "Callum", "voice_id": "N2lVS1w4EtoT3dr4eOWO"}, "River": {"name": "River", "voice_id": "SAz9YHcvj6GT2YYXdXww"}, "Harry": {"name": "Harry", "voice_id": "SOYHLrjzK2X1ezoPC6cr"}, "Liam": {"name": "Liam", "voice_id": "TX3LPaxmHKxFdv7VOQHJ"}, "Alice": {"name": "Alice", "voice_id": "Xb7hH8MSUJpSbSDYk0k2"}, "Matilda": {"name": "Matilda", "voice_id": "XrExE9yKIg1WjnnlVkGX"}, "Will": {"name": "Will", "voice_id": "bIHbv24MWmeRgasZH58o"}, "Jessica": {"name": "Jessica", "voice_id": "cgSgspJ2msm6clMCkdW9"}, "Eric": {"name": "Eric", "voice_id": "cjVigY5qzO86Huf0OWal"}, "Chris": {"name": "Chris", "voice_id": "iP95p4xoKVk53GoZ742B"}, "Brian": {"name": "Brian", "voice_id": "nPczCjzI2devNBz1zQrb"}, "Daniel": {"name": "Daniel", "voice_id": "onwK4e9ZLuTAKqWW03F9"}, "Lily": {"name": "Lily", "voice_id": "pFZP5JQG7iQjIQuC4Bku"}, "Bill": {"name": "Bill", "voice_id": "pqHfZKP75CvOlQylNhV4"}}