{
    "zh": {
        "No": "No",
        "沉稳高管": "Chinese (Mandarin)_Reliable_Executive",
        "新闻女声": "Chinese (Mandarin)_News_Anchor",
        "傲娇御姐": "Chinese (Mandarin)_Mature_Woman",
        "不羁青年": "Chinese (Mandarin)_Unrestrained_Young_Man",
        "热心大婶": "Chinese (Mandarin)_Kind-hearted_Antie",
        "港普空姐": "Chinese (Mandarin)_HK_Flight_Attendant",
        "搞笑大爷": "Chinese (Mandarin)_Humorous_Elder",
        "温润男声": "Chinese (Mandarin)_Gentleman",
        "温暖闺蜜": "Chinese (Mandarin)_Warm_Bestie",
        "播报男声": "Chinese (Mandarin)_Male_Announcer",
        "甜美女声": "Chinese (Mandarin)_Sweet_Lady",
        "南方小哥": "Chinese (Mandarin)_Southern_Young_Man",
        "阅历姐姐": "Chinese (Mandarin)_Wise_Women",
        "温润青年": "Chinese (Mandarin)_Gentle_Youth",
        "温暖少女": "Chinese (Mandarin)_Warm_Girl",
        "花甲奶奶": "Chinese (Mandarin)_Kind-hearted_Elder",
        "憨憨萌兽": "Chinese (Mandarin)_Cute_Spirit",
        "电台男主播": "Chinese (Mandarin)_Radio_Host",
        "抒情男声": "Chinese (Mandarin)_Lyrical_Voice",
        "率真弟弟": "Chinese (Mandarin)_Straightforward_Boy",
        "真诚青年": "Chinese (Mandarin)_Sincere_Adult",
        "温柔学姐": "Chinese (Mandarin)_Gentle_Senior",
        "嘴硬竹马": "Chinese (Mandarin)_Stubborn_Friend",
        "清脆少女": "Chinese (Mandarin)_Crisp_Girl",
        "清澈邻家弟弟": "Chinese (Mandarin)_Pure-hearted_Boy",
        "软软女孩": "Chinese (Mandarin)_Soft_Girl"
    },
    "yue": {
        "No": "No",
        "专业女主持": "Cantonese_ProfessionalHost（F)",
        "温柔女声": "Cantonese_GentleLady",
        "专业男主持": "Cantonese_ProfessionalHost（M)",
        "活泼男声": "Cantonese_PlayfulMan",
        "可爱女孩": "Cantonese_CuteGirl",
        "善良女声": "Cantonese_KindWoman"
    },
    "en": {
        "No": "No",
        "Trustworthy Man": "English_Trustworthy_Man",
        "Graceful Lady": "English_Graceful_Lady",
        "Aussie Bloke": "English_Aussie_Bloke",
        "Whispering girl": "English_Whispering_girl",
        "Diligent Man": "English_Diligent_Man",
        "Gentle-voiced man": "English_Gentle-voiced_man"
    },
    "ja": {
        "No": "No",
        "Intellectual Senior": "Japanese_IntellectualSenior",
        "Decisive Princess": "Japanese_DecisivePrincess",
        "Loyal Knight": "Japanese_LoyalKnight",
        "Dominant Man": "Japanese_DominantMan",
        "Serious Commander": "Japanese_SeriousCommander",
        "Cold Queen": "Japanese_ColdQueen",
        "Dependable Woman": "Japanese_DependableWoman",
        "Gentle Butler": "Japanese_GentleButler",
        "Kind Lady": "Japanese_KindLady",
        "Calm Lady": "Japanese_CalmLady",
        "Optimistic Youth": "Japanese_OptimisticYouth",
        "Generous Izakaya Owner": "Japanese_GenerousIzakayaOwner",
        "Sporty Student": "Japanese_SportyStudent",
        "Innocent Boy": "Japanese_InnocentBoy",
        "Graceful Maiden": "Japanese_GracefulMaiden"
    },
    "nl": {
        "No": "No",
        "Kind-hearted girl": "Dutch_kindhearted_girl",
        "Bossy leader": "Dutch_bossy_leader"
    },
    "vi": {
        "No": "No",
        "Kind-hearted girl": "Vietnamese_kindhearted_girl"
    },
    "ko": {
        "No": "No",
        "Sweet Girl": "Korean_SweetGirl",
        "Cheerful Boyfriend": "Korean_CheerfulBoyfriend",
        "Enchanting Sister": "Korean_EnchantingSister",
        "Shy Girl": "Korean_ShyGirl",
        "Reliable Sister": "Korean_ReliableSister",
        "Strict Boss": "Korean_StrictBoss",
        "Sassy Girl": "Korean_SassyGirl",
        "Childhood Friend Girl": "Korean_ChildhoodFriendGirl",
        "Playboy Charmer": "Korean_PlayboyCharmer",
        "Elegant Princess": "Korean_ElegantPrincess",
        "Brave Female Warrior": "Korean_BraveFemaleWarrior",
        "Brave Youth": "Korean_BraveYouth",
        "Calm Lady": "Korean_CalmLady",
        "Enthusiastic Teen": "Korean_EnthusiasticTeen",
        "Soothing Lady": "Korean_SoothingLady",
        "Intellectual Senior": "Korean_IntellectualSenior",
        "Lonely Warrior": "Korean_LonelyWarrior",
        "Mature Lady": "Korean_MatureLady",
        "Innocent Boy": "Korean_InnocentBoy",
        "Charming Sister": "Korean_CharmingSister",
        "Athletic Student": "Korean_AthleticStudent",
        "Brave Adventurer": "Korean_BraveAdventurer",
        "Calm Gentleman": "Korean_CalmGentleman",
        "Wise Elf": "Korean_WiseElf",
        "Cheerful Cool Junior": "Korean_CheerfulCoolJunior",
        "Decisive Queen": "Korean_DecisiveQueen",
        "Cold Young Man": "Korean_ColdYoungMan",
        "Mysterious Girl": "Korean_MysteriousGirl",
        "Quirky Girl": "Korean_QuirkyGirl",
        "Considerate Senior": "Korean_ConsiderateSenior",
        "Cheerful Little Sister": "Korean_CheerfulLittleSister",
        "Dominant Man": "Korean_DominantMan",
        "Airheaded Girl": "Korean_AirheadedGirl",
        "Reliable Youth": "Korean_ReliableYouth",
        "Friendly Big Sister": "Korean_FriendlyBigSister",
        "Gentle Boss": "Korean_GentleBoss",
        "Cold Girl": "Korean_ColdGirl",
        "Haughty Lady": "Korean_HaughtyLady",
        "Charming Elder Sister": "Korean_CharmingElderSister",
        "Intellectual Man": "Korean_IntellectualMan",
        "Caring Woman": "Korean_CaringWoman",
        "Wise Teacher": "Korean_WiseTeacher",
        "Confident Boss": "Korean_ConfidentBoss",
        "Athletic Girl": "Korean_AthleticGirl",
        "Possessive Man": "Korean_PossessiveMan",
        "Gentle Woman": "Korean_GentleWoman",
        "Cocky Guy": "Korean_CockyGuy",
        "Thoughtful Woman": "Korean_ThoughtfulWoman",
        "Optimistic Youth": "Korean_OptimisticYouth"
    },
    "es": {
        "No": "No",
        "Serene Woman": "Spanish_SereneWoman",
        "Mature Partner": "Spanish_MaturePartner",
        "Captivating Storyteller": "Spanish_CaptivatingStoryteller",
        "Narrator": "Spanish_Narrator",
        "Wise Scholar": "Spanish_WiseScholar",
        "Kind-hearted Girl": "Spanish_Kind-heartedGirl",
        "Determined Manager": "Spanish_DeterminedManager",
        "Bossy Leader": "Spanish_BossyLeader",
        "Reserved Young Man": "Spanish_ReservedYoungMan",
        "Confident Woman": "Spanish_ConfidentWoman",
        "Thoughtful Man": "Spanish_ThoughtfulMan",
        "Strong-willed Boy": "Spanish_Strong-WilledBoy",
        "Sophisticated Lady": "Spanish_SophisticatedLady",
        "Rational Man": "Spanish_RationalMan",
        "Anime Character": "Spanish_AnimeCharacter",
        "Deep-toned Man": "Spanish_Deep-tonedMan",
        "Fussy hostess": "Spanish_Fussyhostess",
        "Sincere Teen": "Spanish_SincereTeen",
        "Frank Lady": "Spanish_FrankLady",
        "Comedian": "Spanish_Comedian",
        "Debator": "Spanish_Debator",
        "Tough Boss": "Spanish_ToughBoss",
        "Wise Lady": "Spanish_Wiselady",
        "Steady Mentor": "Spanish_Steadymentor",
        "Jovial Man": "Spanish_Jovialman",
        "Santa Claus": "Spanish_SantaClaus",
        "Rudolph": "Spanish_Rudolph",
        "Intonate Girl": "Spanish_Intonategirl",
        "Arnold": "Spanish_Arnold",
        "Ghost": "Spanish_Ghost",
        "Humorous Elder": "Spanish_HumorousElder",
        "Energetic Boy": "Spanish_EnergeticBoy",
        "Whimsical Girl": "Spanish_WhimsicalGirl",
        "Strict Boss": "Spanish_StrictBoss",
        "Reliable Man": "Spanish_ReliableMan",
        "Serene Elder": "Spanish_SereneElder",
        "Angry Man": "Spanish_AngryMan",
        "Assertive Queen": "Spanish_AssertiveQueen",
        "Caring Girlfriend": "Spanish_CaringGirlfriend",
        "Powerful Soldier": "Spanish_PowerfulSoldier",
        "Passionate Warrior": "Spanish_PassionateWarrior",
        "Chatty Girl": "Spanish_ChattyGirl",
        "Romantic Husband": "Spanish_RomanticHusband",
        "Compelling Girl": "Spanish_CompellingGirl",
        "Powerful Veteran": "Spanish_PowerfulVeteran",
        "Sensible Manager": "Spanish_SensibleManager",
        "Thoughtful Lady": "Spanish_ThoughtfulLady"
    },
    "pt": {
        "No": "No",
        "Sentimental Lady": "Portuguese_SentimentalLady",
        "Bossy Leader": "Portuguese_BossyLeader",
        "Wise lady": "Portuguese_Wiselady",
        "Strong-willed Boy": "Portuguese_Strong-WilledBoy",
        "Deep-voiced Gentleman": "Portuguese_Deep-VoicedGentleman",
        "Upset Girl": "Portuguese_UpsetGirl",
        "Passionate Warrior": "Portuguese_PassionateWarrior",
        "Anime Character": "Portuguese_AnimeCharacter",
        "Confident Woman": "Portuguese_ConfidentWoman",
        "Angry Man": "Portuguese_AngryMan",
        "Captivating Storyteller": "Portuguese_CaptivatingStoryteller",
        "Godfather": "Portuguese_Godfather",
        "Reserved Young Man": "Portuguese_ReservedYoungMan",
        "Smart Young Girl": "Portuguese_SmartYoungGirl",
        "Kind-hearted Girl": "Portuguese_Kind-heartedGirl",
        "Pompous lady": "Portuguese_Pompouslady",
        "Grinch": "Portuguese_Grinch",
        "Debator": "Portuguese_Debator",
        "Sweet Girl": "Portuguese_SweetGirl",
        "Attractive Girl": "Portuguese_AttractiveGirl",
        "Thoughtful Man": "Portuguese_ThoughtfulMan",
        "Playful Girl": "Portuguese_PlayfulGirl",
        "Gorgeous Lady": "Portuguese_GorgeousLady",
        "Lovely Lady": "Portuguese_LovelyLady",
        "Serene Woman": "Portuguese_SereneWoman",
        "Sad Teen": "Portuguese_SadTeen",
        "Mature Partner": "Portuguese_MaturePartner",
        "Comedian": "Portuguese_Comedian",
        "Naughty Schoolgirl": "Portuguese_NaughtySchoolgirl",
        "Narrator": "Portuguese_Narrator",
        "Tough Boss": "Portuguese_ToughBoss",
        "Fussy hostess": "Portuguese_Fussyhostess",
        "Dramatist": "Portuguese_Dramatist",
        "Steady Mentor": "Portuguese_Steadymentor",
        "Jovial Man": "Portuguese_Jovialman",
        "Charming Queen": "Portuguese_CharmingQueen",
        "Santa Claus": "Portuguese_SantaClaus",
        "Rudolph": "Portuguese_Rudolph",
        "Arnold": "Portuguese_Arnold",
        "Charming Santa": "Portuguese_CharmingSanta",
        "Charming Lady": "Portuguese_CharmingLady",
        "Ghost": "Portuguese_Ghost",
        "Humorous Elder": "Portuguese_HumorousElder",
        "Calm Leader": "Portuguese_CalmLeader",
        "Gentle Teacher": "Portuguese_GentleTeacher",
        "Energetic Boy": "Portuguese_EnergeticBoy",
        "Reliable Man": "Portuguese_ReliableMan",
        "Serene Elder": "Portuguese_SereneElder",
        "Grim Reaper": "Portuguese_GrimReaper",
        "Assertive Queen": "Portuguese_AssertiveQueen",
        "Whimsical Girl": "Portuguese_WhimsicalGirl",
        "Stressed Lady": "Portuguese_StressedLady",
        "Friendly Neighbor": "Portuguese_FriendlyNeighbor",
        "Caring Girlfriend": "Portuguese_CaringGirlfriend",
        "Powerful Soldier": "Portuguese_PowerfulSoldier",
        "Fascinating Boy": "Portuguese_FascinatingBoy",
        "Romantic Husband": "Portuguese_RomanticHusband",
        "Strict Boss": "Portuguese_StrictBoss",
        "Inspiring Lady": "Portuguese_InspiringLady",
        "Playful Spirit": "Portuguese_PlayfulSpirit",
        "Elegant Girl": "Portuguese_ElegantGirl",
        "Compelling Girl": "Portuguese_CompellingGirl",
        "Powerful Veteran": "Portuguese_PowerfulVeteran",
        "Sensible Manager": "Portuguese_SensibleManager",
        "Thoughtful Lady": "Portuguese_ThoughtfulLady",
        "Theatrical Actor": "Portuguese_TheatricalActor",
        "Fragile Boy": "Portuguese_FragileBoy",
        "Chatty Girl": "Portuguese_ChattyGirl",
        "Conscientious Instructor": "Portuguese_Conscientiousinstructor",
        "Rational Man": "Portuguese_RationalMan",
        "Wise Scholar": "Portuguese_WiseScholar",
        "Frank Lady": "Portuguese_FrankLady",
        "Determined Manager": "Portuguese_DeterminedManager"
    },
    "fr": {
        "No": "No",
        "Level-Headed Man": "French_Male_Speech_New",
        "Patient Female Presenter": "French_Female_News Anchor",
        "Casual Man": "French_CasualMan",
        "Movie Lead Female": "French_MovieLeadFemale",
        "Female Anchor": "French_FemaleAnchor",
        "Male Narrator": "French_MaleNarrator"
    },
    "id": {
        "No": "No",
        "Sweet Girl": "Indonesian_SweetGirl",
        "Reserved Young Man": "Indonesian_ReservedYoungMan",
        "Charming Girl": "Indonesian_CharmingGirl",
        "Calm Woman": "Indonesian_CalmWoman",
        "Confident Woman": "Indonesian_ConfidentWoman",
        "Caring Man": "Indonesian_CaringMan",
        "Bossy Leader": "Indonesian_BossyLeader",
        "Determined Boy": "Indonesian_DeterminedBoy",
        "Gentle Girl": "Indonesian_GentleGirl"
    },
    "de": {
        "No": "No",
        "Friendly Man": "German_FriendlyMan",
        "Sweet Lady": "German_SweetLady",
        "Playful Man": "German_PlayfulMan"
    },
    "ru": {
        "No": "No",
        "Handsome Childhood Friend": "Russian_HandsomeChildhoodFriend",
        "Bright Queen": "Russian_BrightHeroine",
        "Ambitious Woman": "Russian_AmbitiousWoman",
        "Reliable Man": "Russian_ReliableMan",
        "Crazy Girl": "Russian_CrazyQueen",
        "Pessimistic Girl": "Russian_PessimisticGirl",
        "Attractive Guy": "Russian_AttractiveGuy",
        "Bad-tempered Boy": "Russian_Bad-temperedBoy"
    },
    "it": {
        "No": "No",
        "Brave Heroine": "Italian_BraveHeroine",
        "Narrator": "Italian_Narrator",
        "Wandering Sorcerer": "Italian_WanderingSorcerer",
        "Diligent Leader": "Italian_DiligentLeader"
    },
    "ar": {
        "No": "No",
        "Calm Woman": "Arabic_CalmWoman",
        "Friendly Guy": "Arabic_FriendlyGuy"
    },
    "tr": {
        "No": "No",
        "Calm Woman": "Turkish_CalmWoman",
        "Trustworthy man": "Turkish_Trustworthyman"
    },
    "uk": {
        "No": "No",
        "Calm Woman": "Ukrainian_CalmWoman",
        "Wise Scholar": "Ukrainian_WiseScholar"
    }
}