{
  "芊悦(Cherry)": "Cherry",
  "苏瑶(Serena)": "Serena",
  "晨煦(Ethan)": "Ethan",
  "千雪(Chelsie)": "Chelsie",
  "茉兔(Momo)": "Momo",
  "十三(Vivian)": "Vivian",
  "月白(Moon)": "Moon",
  "四月(Maia)": "Maia",
  "凯(Kai)": "Kai",
  "不吃鱼(Nofish)": "Nofish",
  "萌宝(Bella)": "Bella",
  "詹妮弗(Jennifer)": "Jennifer",
  "甜茶(Ryan)": "Ryan",
  "卡捷琳娜(Katerina)": "Katerina",
  "艾登(Aiden)": "Aiden",
  "沧明子(Eldric Sage)": "Eldric Sage",
  "乖小妹(Mia)": "Mia",
  "沙小弥(Mochi)": "Mochi",
  "燕铮莺(Bellona)": "Bellona",
  "田叔(Vincent)": "Vincent",
  "萌小姬(Bunny)": "Bunny",
  "阿闻(Neil)": "Neil",
  "墨讲师(Elias)": "Elias",
  "徐大爷(Arthur)": "Arthur",
  "邻家妹妹(Nini)": "Nini",
  "诡婆婆(Ebona)": "Ebona",
  "小婉(Seren)": "Seren",
  "顽屁小孩(Pip)": "Pip",
  "少女阿月(Stella)": "Stella",
  "博德加(Bodega)": "Bodega",
  "索尼莎(Sonrisa)": "Sonrisa",
  "阿列克(Alek)": "Alek",
  "多尔切(Dolce)": "Dolce",
  "素熙(Sohee)": "Sohee",
  "小野杏(Ono Anna)": "Ono Anna",
  "莱恩(Lenn)": "Lenn",
  "埃米尔安(Emilien)": "Emilien",
  "安德雷(Andre)": "Andre",
  "拉迪奥·戈尔(Radio Gol)": "Radio Gol",
  "上海-阿珍(Jada)": "Jada",
  "北京-晓东(Dylan)": "Dylan",
  "南京-老李(Li)": "Li",
  "陕西-秦川(Marcus)": "Marcus",
  "闽南-阿杰(Roy)": "Roy",
  "天津-李彼得(Peter)": "Peter",
  "四川-晴儿(Sunny)": "Sunny",
  "四川-程川(Eric)": "Eric",
  "粤语-阿强(Rocky)": "Rocky",
  "粤语-阿清(Kiki)": "Kiki"
}